Date,Value
9/11/16,621.65
9/12/16,609.67
9/13/16,610.92
9/14/16,608.82
9/15/16,610.38
9/16/16,609.11
9/17/16,607.04
9/18/16,611.58
9/19/16,610.19
9/20/16,608.66
9/21/16,598.88
9/22/16,597.42
9/23/16,594.08
9/24/16,603.88
9/25/16,601.74
9/26/16,598.98
9/27/16,605.96
9/28/16,605.67
9/29/16,603.85
9/30/16,609.39
10/1/16,614.82
10/2/16,612.98
10/3/16,611.85
10/4/16,609.62
10/5/16,607.18
10/6/16,612.08
10/7/16,617.21
10/8/16,614.74
10/9/16,615.65
10/10/16,617.54
10/11/16,614.77
10/12/16,635.01
10/13/16,635.96
10/14/16,634.02
10/15/16,637.94
10/16/16,641.42
10/17/16,638.97
10/18/16,636.29
10/19/16,629.25
10/20/16,627.72
10/21/16,631.92
10/22/16,655.48
10/23/16,653.25
10/24/16,651.39
10/25/16,655.31
10/26/16,651.45
10/27/16,682.22
10/28/16,687.68
10/29/16,685.91
10/30/16,698
10/31/16,702
11/1/16,697.01
11/2/16,733.33
11/3/16,686.17
11/4/16,683.69
11/5/16,704.79
11/6/16,712
11/7/16,709.96
11/8/16,708.97
11/9/16,720.93
11/10/16,721.5
11/11/16,715.45
11/12/16,703.71
11/13/16,702.28
11/14/16,706.46
11/15/16,710.91
11/16/16,711.73
11/17/16,736.96
11/18/16,747.52
11/19/16,748.98
11/20/16,729.06
11/21/16,738.53
11/22/16,736.97
11/23/16,741.63
11/24/16,737.45
11/25/16,735.64
11/26/16,733.67
11/27/16,727.96
11/28/16,727.31
11/29/16,732.71
11/30/16,742.69
12/1/16,742.05
12/2/16,772.43
12/3/16,764.33
12/4/16,762.97
12/5/16,754.63
12/6/16,756.62
12/7/16,758.99
12/8/16,769.72
12/9/16,770.02
12/10/16,769.08
12/11/16,777
12/12/16,777
12/13/16,777.99
12/14/16,774.89
12/15/16,776.75
12/16/16,775.88
12/17/16,788.7
12/18/16,788.4
12/19/16,788.67
12/20/16,793.09
12/21/16,824.21
12/22/16,834.97
12/23/16,901.31
12/24/16,891.61
12/25/16,892.6
12/26/16,897.33
12/27/16,930.37
12/28/16,930.34
12/29/16,963.38
12/30/16,952.15
12/31/16,958.12
1/1/17,997.72
1/2/17,1015.97
1/3/17,1013.42
1/4/17,1126.76
1/5/17,994.67
1/6/17,999.65
1/7/17,896.83
1/8/17,908.14
1/9/17,910.49
1/10/17,906.05
1/11/17,785.22
1/12/17,780.92
1/13/17,826.29
1/14/17,817.91
1/15/17,819.55
1/16/17,830.5
1/17/17,903.84
1/18/17,906.6
1/19/17,895.798875
1/20/17,893.6210875
1/21/17,895.64
1/22/17,918.603625
1/23/17,922.0736125
1/24/17,919.97
1/25/17,893.045625
1/26/17,915.95625
1/27/17,915.05
1/28/17,920.31225
1/29/17,915.933
1/30/17,912.19
1/31/17,964.706075
2/1/17,979.703875
2/2/17,983.42
2/3/17,1013.027
2/4/17,1030.999413
2/5/17,1034.07
2/6/17,1024.01375
2/7/17,1050.11
2/8/17,1052.84
2/9/17,976.103
2/10/17,999.1035
2/11/17,997.59
2/12/17,1000.604625
2/13/17,999.877375
2/14/17,1001.2
2/15/17,1012.325988
2/16/17,1035.208125
2/17/17,1035.2
2/18/17,1056.637138
2/19/17,1052.779286
2/20/17,1050.87
2/21/17,1123.788429
2/22/17,1123.223188
2/23/17,1130.01
2/24/17,1174.86625
2/25/17,1150.605714
2/26/17,1150.37
2/27/17,1190.75195
2/28/17,1187.565286
3/1/17,1190.89
3/2/17,1259.410817
3/3/17,1285.14
3/4/17,1287
3/5/17,1270.9333
3/6/17,1275.197375
3/7/17,1279.5
3/8/17,1157.3933
3/9/17,1192.469143
3/10/17,1192.09
3/11/17,1179.159875
3/12/17,1227.494625
3/13/17,1227.68
3/14/17,1245.370786
3/15/17,1257.399625
3/16/17,1257
3/17/17,1091.171888
3/18/17,952.2323625
3/19/17,967.69
3/20/17,1049.084488
3/21/17,1118.630043
3/22/17,1113
3/23/17,1038.789
3/24/17,941.9197143
3/25/17,927.93
3/26/17,956.7863125
3/27/17,1037.22925
3/28/17,1041.04
3/29/17,1040.5755
3/30/17,1037.90455
3/31/17,1034.74
4/1/17,1086.929571
4/2/17,1099.169125
4/3/17,1079.99
4/4/17,1141.600363
4/5/17,1133.079314
4/6/17,1133.53
4/7/17,1190.45425
4/8/17,1181.149838
4/9/17,1184.03
4/10/17,1207.744875
4/11/17,1226.617038
4/12/17,1219.09
4/13/17,1180.023713
4/14/17,1185.260057
4/15/17,1170.36
4/16/17,1186.927413
4/17/17,1205.634875
4/18/17,1176.97
4/19/17,1217.930088
4/20/17,1241.686325
4/21/17,1236.63
4/22/17,1261.311225
4/23/17,1257.988113
4/24/17,1240.84
4/25/17,1279.414688
4/26/17,1309.109875
4/27/17,1288.02
4/28/17,1331.294429
4/29/17,1334.979038
4/30/17,1333
5/1/17,1417.172813
5/2/17,1452.076288
5/3/17,1447.55
5/4/17,1508.292125
5/5/17,1533.335071
5/6/17,1518.75
5/7/17,1535.868429
5/8/17,1640.619225
5/9/17,1651.1
5/10/17,1762.88625
5/11/17,1820.990563
5/12/17,1829
5/13/17,1771.920013
5/14/17,1776.3165
5/15/17,1780
5/16/17,1739.031975
5/17/17,1807.485063
5/18/17,1783.98
5/19/17,1961.520488
5/20/17,2052.909788
5/21/17,2008.84
5/22/17,2090.662313
5/23/17,2287.710288
5/24/17,2256.32
5/25/17,2387.206286
5/26/17,2211.976857
5/27/17,2279.82
5/28/17,2192.9808
5/29/17,2275.9307
5/30/17,2290.02
5/31/17,2285.933914
6/1/17,2399.242671
6/2/17,2409.93
6/3/17,2525.765158
6/4/17,2516.173143
6/5/17,2529.53
6/6/17,2883.313697
6/7/17,2664.920863
6/8/17,2683.03
6/9/17,2827.4913
6/10/17,2845.372857
6/11/17,2898.63
6/12/17,2657.675063
6/13/17,2748.185086
6/14/17,2706
6/15/17,2442.48025
6/16/17,2464.959814
6/17/17,2477.94
6/18/17,2507.389252
6/19/17,2617.210263
6/20/17,2600
6/21/17,2671.04325
6/22/17,2727.288013
6/23/17,2713.48
6/24/17,2589.164888
6/25/17,2512.366286
6/26/17,2502.03
6/27/17,2517.903114
6/28/17,2585.349186
6/29/17,2558.3
6/30/17,2477.641375
7/1/17,2501.191343
7/2/17,2421.26
7/3/17,2561.225429
7/4/17,2599.729838
7/5/17,2598.89
7/6/17,2609.96775
7/7/17,2491.201214
7/8/17,2502.86
7/9/17,2536.238938
7/10/17,2366.170143
7/11/17,2327.09
7/12/17,2385.748571
7/13/17,2354.783417
7/14/17,2338.49
7/15/17,2058.9956
7/16/17,1931.2143
7/17/17,1910.96
7/18/17,2320.12225
7/19/17,2264.7657
7/20/17,2265.21
7/21/17,2682.195363
7/22/17,2807.609857
7/23/17,2825.51
7/24/17,2751.821029
7/25/17,2560.997917
7/26/17,2564.3
7/27/17,2647.625
7/28/17,2781.636583
7/29/17,2784.8
7/30/17,2745.955417
7/31/17,2866.431667
8/1/17,2862.9
8/2/17,2693.633983
8/3/17,2794.117717
8/4/17,2790
8/5/17,3218.115017
8/6/17,3252.562533
8/7/17,3210.2
8/8/17,3457.374333
8/9/17,3357.326317
8/10/17,3340.28
8/11/17,3632.506667
8/12/17,3852.802914
8/13/17,3868.52
8/14/17,4282.992
8/15/17,4217.028329
8/16/17,4179.97
8/17/17,4328.725717
8/18/17,4130.440067
8/19/17,4104.71
8/20/17,4157.958033
8/21/17,4043.722
8/22/17,3986.28
8/23/17,4174.95
8/24/17,4340.316717
8/25/17,4331.77
8/26/17,4360.513317
8/27/17,4354.308333
8/28/17,4339.05
8/29/17,4607.98545
8/30/17,4594.98785
8/31/17,4582.52
9/1/17,4911.740017
9/2/17,4580.38748
9/3/17,4585.57
9/4/17,4344.098317
9/5/17,4488.72014
9/6/17,4385.02
9/7/17,4654.6585
9/8/17,4310.750183
9/9/17,4312.26
9/10/17,4329.955
9/11/17,4248.090017
9/12/17,4198.59
9/13/17,3961.271267
9/14/17,3319.63
9/15/17,3216.43
9/16/17,3763.62604
9/17/17,3746.060783
9/18/17,3678.53
9/19/17,3943.413333
9/20/17,3977.561667
9/21/17,3894.48
9/22/17,3637.50255
9/23/17,3776.3869
9/24/17,3777.62
9/25/17,3942.555
9/26/17,3910.307383
9/27/17,3881
9/28/17,4201.98905
9/29/17,4193.574667
9/30/17,4164.27
10/1/17,4360.722967
10/2/17,4386.88375
10/3/17,4394.07
10/4/17,4225.175
10/5/17,4338.852
10/6/17,4318.58
10/7/17,4376.191667
10/8/17,4602.280883
10/9/17,4605.66
10/10/17,4782.28
10/11/17,4819.485767
10/12/17,4822.17
10/13/17,5563.806567
10/14/17,5739.438733
10/15/17,5825.99
10/16/17,5711.205867
10/17/17,5603.71294
10/18/17,5594.66
10/19/17,5727.6335
10/20/17,5979.45984
10/21/17,5986.44
10/22/17,5983.18455
10/23/17,5876.079867
10/24/17,5900.59
10/25/17,5669.622533
10/26/17,5893.138417
10/27/17,5889.82
10/28/17,5776.69695
10/29/17,6155.43402
10/30/17,6136.49
10/31/17,6388.645167
11/1/17,6665.306683
11/2/17,6751.98
11/3/17,7197.72006
11/4/17,7437.543317
11/5/17,7365.99
11/6/17,6989.071667
11/7/17,7092.127233
11/8/17,7128.64
11/9/17,7158.03706
11/10/17,6719.39785
11/11/17,6569.22
11/12/17,5716.301583
11/13/17,6550.227533
11/14/17,6493.63
11/15/17,7301.42992
11/16/17,7815.0307
11/17/17,7868.77
11/18/17,7817.140383
11/19/17,8007.654067
11/20/17,8049.72
11/21/17,8059.8
11/22/17,8268.035
11/23/17,8236.72
11/24/17,8250.978333
11/25/17,8707.407267
11/26/17,8768.8
11/27/17,9718.29505
11/28/17,9952.50882
11/29/17,9919
11/30/17,10147.372
12/1/17,10883.912
12/2/17,10879.88
12/3/17,11332.622
12/4/17,11584.83
12/5/17,11591.22
12/6/17,13540.98
12/7/17,16501.97167
12/8/17,16860.88
12/9/17,15142.83415
12/10/17,14869.805
12/11/17,15068.95
12/12/17,17276.39333
12/13/17,16808.36667
12/14/17,16252.31
12/15/17,17771.9
12/16/17,19498.68333
12/17/17,19279.9
12/18/17,18961.85667
12/19/17,17737.11167
12/20/17,17382.94
12/21/17,16047.51
12/22/17,15190.945
12/23/17,13776.61
12/24/17,13949.175
12/25/17,14119.02833
12/26/17,13740.94
12/27/17,15589.32167
12/28/17,14380.58167
12/29/17,14214.01
12/30/17,13215.574
12/31/17,14165.575
1/1/18,13796
1/2/18,15005.85667
1/3/18,15053.26167
1/4/18,15039.24
1/5/18,17174.12
1/6/18,17319.198
1/7/18,17155.95
1/8/18,15265.90667
1/9/18,14714.25333
1/10/18,14437.42
1/11/18,13296.794
1/12/18,13912.882
1/13/18,13791.19
1/14/18,13852.92
1/15/18,14012.196
1/16/18,13554.14
1/17/18,11116.94667
1/18/18,11345.42333
1/19/18,11174.82
1/20/18,12950.79333
1/21/18,11505.228
1/22/18,11513.42
1/23/18,11223.064
1/24/18,11282.25833
1/25/18,11392.03
1/26/18,10969.815
1/27/18,11524.77667
1/28/18,11431.37
1/29/18,11212.655
1/30/18,10184.06167
1/31/18,10082.52
2/1/18,9083.258333
2/2/18,8901.901667
2/3/18,8852.73
2/4/18,8400.648333
2/5/18,6838.816667
2/6/18,6925.46
2/7/18,8099.958333
2/8/18,8240.536667
2/9/18,8245.08
2/10/18,8319.876566
2/11/18,8343.455
2/12/18,8068.02
2/13/18,8597.7675
2/14/18,9334.633333
2/15/18,9471.64
2/16/18,10127.16167
2/17/18,10841.99167
2/18/18,11085.83
2/19/18,11110.965
2/20/18,11390.39167
2/21/18,11245.98
2/22/18,9931.071667
2/23/18,10162.11667
2/24/18,10171.3
2/25/18,9696.593333
2/26/18,10348.60333
2/27/18,10319.46
2/28/18,10370.165
3/1/18,11009.38167
3/2/18,10931.12
3/3/18,11326.94833
3/4/18,11430.18167
3/5/18,11516.83
3/6/18,10763.19833
3/7/18,10118.058
3/8/18,9920.46
3/9/18,9089.278333
3/10/18,8746.002
3/11/18,8777.37
3/12/18,9182.843333
3/13/18,9154.7
3/14/18,9153.54
3/15/18,8358.121667
3/16/18,8530.402
3/17/18,8297.89
3/18/18,8171.415
3/19/18,8412.033333
3/20/18,8605.64
3/21/18,8947.753333
3/22/18,8690.408333
3/23/18,8725.37
3/24/18,8662.378333
3/25/18,8617.296667
3/26/18,8457.96
3/27/18,7876.195
3/28/18,7960.38
3/29/18,7950.61
3/30/18,6882.531667
3/31/18,6935.48
4/1/18,6937.56
4/2/18,7035.848333
4/3/18,7410.435
4/4/18,7426.48
4/5/18,6826.51
4/6/18,6603.876667
4/7/18,6634.68
4/8/18,7017.656667
4/9/18,6699.273333
4/10/18,6784.41
4/11/18,6926.266667
4/12/18,7847.845
4/13/18,7941.46
4/14/18,8036.511051
4/15/18,8340.748333
4/16/18,8368.1
4/17/18,7895.416926
4/18/18,8164.937426
4/19/18,8175.96
4/20/18,8852.718333
4/21/18,8807.205
4/22/18,8930.6
4/23/18,8933.861667
4/24/18,9555.542
4/25/18,9658.11
4/26/18,9258.398333
4/27/18,9010.32
4/28/18,8928.55
4/29/18,9334.281667
4/30/18,9259.57
5/1/18,9239.55
5/2/18,9221.426
5/3/18,9639.268333
5/4/18,9753.35
5/5/18,9803.306667
5/6/18,9630.136277
5/7/18,9631.44
5/8/18,9228.608333
5/9/18,9322.041667
5/10/18,9310.37
5/11/18,8468.788
5/12/18,8484.346667
5/13/18,8463.52
5/14/18,8652.038333
5/15/18,8511.458
5/16/18,8471.06
5/17/18,8106.118333
5/18/18,8240.055
5/19/18,8239.08
5/20/18,8507.406667
5/21/18,8385.556187
5/22/18,8396.63
5/23/18,7555.74
5/24/18,7566.193333
5/25/18,7576.78
5/26/18,7342.908333
5/27/18,7361.831667
5/28/18,7344.56
5/29/18,7459.876667
5/30/18,7385.395
5/31/18,7386.72
6/1/18,7535.146667
6/2/18,7645.146667
6/3/18,7637.14
6/4/18,7500.273333
6/5/18,7615.722142
6/6/18,7619.43
6/7/18,7676.271667
6/8/18,7620.153333
6/9/18,7615.54
6/10/18,6776.888333
6/11/18,6875.678333
6/12/18,6879.31
6/13/18,6315.7
6/14/18,6647.013333
6/15/18,6637.41
6/16/18,6509.426667
6/17/18,6464.411667
6/18/18,6445.79
6/19/18,6737
6/20/18,6714.718333
6/21/18,6760.83
6/22/18,6332.573333
6/23/18,6141.605833
6/24/18,6170.46
6/25/18,6211.4475
6/26/18,6218.595
6/27/18,6097.46
6/28/18,6107.896154
6/29/18,5908.7025
6/30/18,6223.28
7/1/18,6374.754167
7/2/18,6466.069167
7/3/18,6626.44
7/4/18,6593.289167
7/5/18,6603.376667
7/6/18,6555.51
7/7/18,6594.281667
7/8/18,6753.559167
7/9/18,6724.04
7/10/18,6510.791667
7/11/18,6377.363333
7/12/18,6403.18
7/13/18,6244.3575
7/14/18,6241
7/15/18,6248.84
7/16/18,6514.390833
7/17/18,6869.910833
7/18/18,7321.62
7/19/18,7396.401667
7/20/18,7428.045
7/21/18,7334.99
7/22/18,7451.289167
7/23/18,7689.884167
7/24/18,7715.1
7/25/18,8251.165
7/26/18,8187.324167
7/27/18,7939.81
7/28/18,8182.251667
7/29/18,8206.341667
7/30/18,8220.91
7/31/18,7916.800833
8/1/18,7570.869167
8/2/18,7607.7
8/3/18,7394.499167
8/4/18,7247.769167
8/5/18,7011.28
8/6/18,6988.079167
8/7/18,6993.513333
8/8/18,6718.23
8/9/18,6396.7725
8/10/18,6396.494667
8/11/18,6138.96
8/12/18,6311.131667
8/13/18,6347.07
8/14/18,6252.13
8/15/18,6362.676923
8/16/18,6342.629231
8/17/18,6312.75
8/18/18,6436.720833
8/19/18,6404.063333
8/20/18,6486.58
8/21/18,6401.246154
8/22/18,6575.229167
8/23/18,6354.57
8/24/18,6543.645714
8/25/18,6719.429231
8/26/18,6738.27
8/27/18,6719.266154
8/28/18,7000.04
8/29/18,7078.19
8/30/18,6932.6625
8/31/18,6981.946154
9/1/18,7018.78
9/2/18,7247.935385
9/3/18,7260.949231
9/4/18,7265.08
9/5/18,7113.069231
9/6/18,6433.271667
9/7/18,6501.19
9/8/18,6366.1075
9/9/18,6286.425833
9/10/18,6240.98
9/11/18,6296.320833
9/12/18,6273.1375
9/13/18,6326.04
9/14/18,6499.0625
9/15/18,6518.655
9/16/18,6522.39
9/17/18,6400.600833
9/18/18,6296.631667
9/19/18,6342.39
9/20/18,6418.562667
9/21/18,6669.990833
9/22/18,6756.12
9/23/18,6710.445
9/24/18,6639.304167
9/25/18,6583.45
9/26/18,6468.631667
9/27/18,6535.476667
9/28/18,6686.08
9/29/18,6550.474167
9/30/18,6593.135
10/1/18,6611.02
10/2/18,6562.641667
10/3/18,6470.4025
10/4/18,6483.73
10/5/18,6568.549167
10/6/18,6581.486667
10/7/18,6573.62
10/8/18,6618.567692
10/9/18,6621.711667
10/10/18,6626.85
10/11/18,6248.635833
10/12/18,6260.530833
10/13/18,6247
10/14/18,6299.399167
10/15/18,6452.571667
10/16/18,6599.17
10/17/18,6596.276154
10/18/18,6568.040769
10/19/18,6509.61
10/20/18,6488.825833
10/21/18,6531.601667
10/22/18,6504.78
10/23/18,6481.426
10/24/18,6508.31
10/25/18,6489.77
10/26/18,6473.753333
10/27/18,6465.9175
10/28/18,6457.21
10/29/18,6382.668333
10/30/18,6309.452857
10/31/18,6301.61
11/1/18,6342.280833
11/2/18,6387.674167
11/3/18,6390.42
11/4/18,6391.873333
11/5/18,6436.965
11/6/18,6437.76
11/7/18,6538.79
11/8/18,6486.251667
11/9/18,6444.97
11/10/18,6399.033333
11/11/18,6378.268333
11/12/18,6408.53
11/13/18,6372.063333
11/14/18,6176.155
11/15/18,5756.77
11/16/18,5596.1925
11/17/18,5558.243333
11/18/18,5572.44
11/19/18,5303.9425
11/20/18,4671.97
11/21/18,4491.98
11/22/18,4548.7975
11/23/18,4309.3375
11/24/18,4352.98
11/25/18,3823.511667
11/26/18,3920.536667
11/27/18,3793.35
11/28/18,4103.453846
11/29/18,4263.783333
11/30/18,4278.77
12/1/18,4116.7775
12/2/18,4167.546667
12/3/18,4140.6
12/4/18,3961.493333
12/5/18,3858.349167
12/6/18,3744.98
12/7/18,3405.643333
12/8/18,3435.34
12/9/18,3453.66
12/10/18,3523.96
12/11/18,3426.19
12/12/18,3407.28
12/13/18,3406.7625
12/14/18,3278.374167
12/15/18,3242.42
12/16/18,3271.238333
12/17/18,3392.405
12/18/18,3556.54
12/19/18,3808.0425
12/20/18,3982.850833
12/21/18,4135.19
12/22/18,3910.973333
12/23/18,4027.478333
12/24/18,3995.17
12/25/18,3813.88
12/26/18,3825.379167
12/27/18,3848.21
12/28/18,3743.905
12/29/18,3912.285833
12/30/18,3770.36
12/31/18,3791.545833
1/1/19,3752.271667
1/2/19,3855.88
1/3/19,3865.7975
1/4/19,3822.626667
1/5/19,3856.62
1/6/19,3920.456667
1/7/19,4036.093333
1/8/19,4032.25
1/9/19,4034.138333
1/10/19,3812.585833
1/11/19,3646.25
1/12/19,3646.345833
1/13/19,3599.841667
1/14/19,3531.96
1/15/19,3656.785
1/16/19,3621.270833
1/17/19,3621.43
1/18/19,3632.395
1/19/19,3690.523333
1/20/19,3703.98
1/21/19,3548.4275
1/22/19,3540.02
1/23/19,3587.35
1/24/19,3566.4
1/25/19,3586.25
1/26/19,3577.79
1/27/19,3576.3
1/28/19,3554.5
1/29/19,3448.58
1/30/19,3421.6
1/31/19,3470
2/1/19,3444.81
2/2/19,3475.33
2/3/19,3506.22
2/4/19,3456.02
2/5/19,3452.35
2/6/19,3467.34
2/7/19,3405.7
2/8/19,3394.76
2/9/19,3661.08
2/10/19,3664.38
2/11/19,3686.29
2/12/19,3629.47
2/13/19,3632.42
2/14/19,3614.5
2/15/19,3600.31
2/16/19,3608.2
2/17/19,3619.55
2/18/19,3670.74
2/19/19,3910.8
2/20/19,3926.53
2/21/19,3987.18
2/22/19,3944.88
2/23/19,3983.48
2/24/19,4139.6
2/25/19,3766.89
2/26/19,3848.33
2/27/19,3831.45
2/28/19,3833.23
3/1/19,3850.08
3/2/19,3834.62
3/3/19,3831.44
3/4/19,3814.58
3/5/19,3730.98
3/6/19,3872.25
3/7/19,3876.85
3/8/19,3886.82
3/9/19,3875.96
3/10/19,3950.56
3/11/19,3928.17
3/12/19,3881.09
3/13/19,3892.51
3/14/19,3877.77
3/15/19,3885.21
3/16/19,3936.5
3/17/19,4015.95
3/18/19,3994.92
3/19/19,3998.77
3/20/19,4029.11
3/21/19,4056.4
3/22/19,3992.34
3/23/19,3999.06
3/24/19,4011.92
3/25/19,3994.11
3/26/19,3935.89
3/27/19,3947.74
3/28/19,4048.51
3/29/19,4037.37
3/30/19,4115.55
3/31/19,4114.44
4/1/19,4114.16
4/2/19,4152.53
4/3/19,4882.88
4/4/19,4959.81
4/5/19,4911.24
4/6/19,5028.77
4/7/19,5053.52
4/8/19,5189.39
4/9/19,5268.71
4/10/19,5175.81
4/11/19,5310.18
4/12/19,5035.02
4/13/19,5072.85
4/14/19,5064.62
4/15/19,5152.51
4/16/19,5036.18
4/17/19,5196.65
4/18/19,5220.37
4/19/19,5276.31
4/20/19,5277.04
4/21/19,5309.28
4/22/19,5281.83
4/23/19,5377.19
4/24/19,5518.16
4/25/19,5434.19
4/26/19,5195.61
4/27/19,5292.83
4/28/19,5280.19
4/29/19,5301.29
4/30/19,5260.65
5/1/19,5269.79
5/2/19,5326.67
5/3/19,5390.16
5/4/19,5657.14
5/5/19,5771.08
5/6/19,5717.66
5/7/19,5684.47
5/8/19,5755.72
5/9/19,5936.72
5/10/19,6146.91
5/11/19,6348.02
5/12/19,7248.31
5/13/19,6978.63
5/14/19,7823.11
5/15/19,7992.69
5/16/19,8206.9
5/17/19,7885.96
5/18/19,7362.22
5/19/19,7265.05
5/20/19,8193.7
5/21/19,8007.03
5/22/19,7952.5
5/23/19,7625.93
5/24/19,7880.29
5/25/19,8003.26
5/26/19,8071.45
5/27/19,8744.42
5/28/19,8770.06
5/29/19,8719.88
5/30/19,8662.98
5/31/19,8272.46
6/1/19,8553.81
6/2/19,8554.8
6/3/19,8739.03
6/4/19,8134.92
6/5/19,7675.8
6/6/19,7786.04
6/7/19,7803.23
6/8/19,7998.29
6/9/19,7931.34
6/10/19,7640.61
6/11/19,8020.38
6/12/19,7917.58
6/13/19,8173.06
6/14/19,8237.88
6/15/19,8693.6
6/16/19,8859.47
6/17/19,8978.99
6/18/19,9327.48
6/19/19,9076.18
6/20/19,9281.7
6/21/19,9531.35
6/22/19,10209.38
6/23/19,10668.63
6/24/19,10814.48
6/25/19,11017.5
6/26/19,11766.4
6/27/19,12932.55
6/28/19,11132.85
6/29/19,12374.35
6/30/19,11890.38
7/1/19,10737.73
7/2/19,10578.72
7/3/19,10805.4
7/4/19,11984.76
7/5/19,11160.49
7/6/19,10955.16
7/7/19,11232.04
7/8/19,11477.01
7/9/19,12313.08
7/10/19,12586.78
7/11/19,12099.9
7/12/19,11352.87
7/13/19,11803.97
7/14/19,11389.1
7/15/19,10186.96
7/16/19,10873.5
7/17/19,9397.72
7/18/19,9674.28
7/19/19,10638.56
7/20/19,10535.75
7/21/19,10764.9
7/22/19,10587.41
7/23/19,10323.62
7/24/19,9844.3
7/25/19,9772.17
7/26/19,9875.17
7/27/19,9848.65
7/28/19,9473.99
7/29/19,9530
7/30/19,9501.33
7/31/19,9589.13
8/1/19,10084.7
8/2/19,10407.17
8/3/19,10529.55
8/4/19,10814.57
8/5/19,10980.23
8/6/19,11787.99
8/7/19,11465.67
8/8/19,11960.82
8/9/19,11996.41
8/10/19,11856.64
8/11/19,11282.22
8/12/19,11566.84
8/13/19,11386.26
8/14/19,10858.12
8/15/19,10016.96
8/16/19,10302.17
8/17/19,10359.44
8/18/19,10214.52
8/19/19,10317.6
8/20/19,10917.26
8/21/19,10760.56
8/22/19,10129.4
8/23/19,10111.98
8/24/19,10405.81
8/25/19,10143.8
8/26/19,10135.06
8/27/19,10360.28
8/28/19,10171.95
8/29/19,9717.82
8/30/19,9484.55
8/31/19,9577.99
9/1/19,9600.9
9/2/19,9769.79
9/3/19,10386.64
9/4/19,10621.29
9/5/19,10584.16
9/6/19,10577.8
9/7/19,10317.47
9/8/19,10487.21
9/9/19,10406.31
9/10/19,10313.66
9/11/19,10101.03
9/12/19,10159.32
9/13/19,10420.16
9/14/19,10363.9
9/15/19,10361.33
9/16/19,10310.43
9/17/19,10265.63
9/18/19,10190.36
9/19/19,10157.59
9/20/19,10275.88
9/21/19,10173.11
9/22/19,9979.49
9/23/19,10033.05
9/24/19,9683.38
9/25/19,8553.61
9/26/19,8432.23
9/27/19,8055.64
9/28/19,8193.9
9/29/19,8225
9/30/19,8056.74
10/1/19,8307.74
10/2/19,8322.92
10/3/19,8382.03
10/4/19,8236.17
10/5/19,8155.48
10/6/19,8147.69
10/7/19,7869.74
10/8/19,8212.02
10/9/19,8190
10/10/19,8587.92
10/11/19,8586.9
10/12/19,8269.73
10/13/19,8308.01
10/14/19,8283.76
10/15/19,8353.54
10/16/19,8162.16
10/17/19,8002.51
10/18/19,8076.78
10/19/19,7954.15
10/20/19,7960.04
10/21/19,8231.06
10/22/19,8222.52
10/23/19,8026.76
10/24/19,7469.56
10/25/19,7431.88
10/26/19,8666.79
10/27/19,9259.8
10/28/19,9551.54
10/29/19,9218.76
10/30/19,9433.35
10/31/19,9164.62
11/1/19,9147.98
11/2/19,9252.99
11/3/19,9301.18
11/4/19,9206.16
11/5/19,9418.05
11/6/19,9310.19
11/7/19,9343.34
11/8/19,9204.24
11/9/19,8766.04
11/10/19,8809.41
11/11/19,9037.12
11/12/19,8717.81
11/13/19,8801.52
11/14/19,8762.42
11/15/19,8632.32
11/16/19,8457.69
11/17/19,8482.7
11/18/19,8503.93
11/19/19,8175.99
11/20/19,8120.8
11/21/19,8081.81
11/22/19,7617.07
11/23/19,7286.35
11/24/19,7324.03
11/25/19,6907.4
11/26/19,7130.25
11/27/19,7163.63
11/28/19,7523.83
11/29/19,7431
11/30/19,7757.47
12/1/19,7557.72
12/2/19,7402.69
12/3/19,7309.59
12/4/19,7296.77
12/5/19,7192.85
12/6/19,7395.97
12/7/19,7547.19
12/8/19,7504.83
12/9/19,7522.39
12/10/19,7337.42
12/11/19,7220.76
12/12/19,7202.31
12/13/19,7189.16
12/14/19,7251.87
12/15/19,7067.74
12/16/19,7111.14
12/17/19,6879.54
12/18/19,6612.12
12/19/19,7284.29
12/20/19,7150.86
12/21/19,7190.17
12/22/19,7143.2
12/23/19,7514.41
12/24/19,7322.08
12/25/19,7250.69
12/26/19,7192.72
12/27/19,7194.4
12/28/19,7243.93
12/29/19,7301.07
12/30/19,7385.36
12/31/19,7219.6
1/1/20,7168.31
1/2/20,7175.68
1/3/20,6944.33
1/4/20,7326.35
1/5/20,7347.89
1/6/20,7351.57
1/7/20,7759.24
1/8/20,8165.47
1/9/20,8042.65
1/10/20,7817.92
1/11/20,8184.66
1/12/20,8021.49
1/13/20,8173.97
1/14/20,8105.24
1/15/20,8842.42
1/16/20,8813.89
1/17/20,8722.03
1/18/20,8900.34
1/19/20,8910.85
1/20/20,8703.36
1/21/20,8626.47
1/22/20,8722.26
1/23/20,8658.94
1/24/20,8388.11
1/25/20,8428.17
1/26/20,8327.36
1/27/20,8588.42
1/28/20,8895.78
1/29/20,9385.69
1/30/20,9279.81
1/31/20,9502.37
2/1/20,9333.77
2/2/20,9378.09
2/3/20,9314.56
2/4/20,9162.14
2/5/20,9162.14
2/6/20,9614.9
2/7/20,9755.66
2/8/20,9807.54
2/9/20,9907.12
2/10/20,10162.41
2/11/20,9854.79
2/12/20,10275.38
2/13/20,10354.3
2/14/20,10242.43
2/15/20,10368.53
2/16/20,9904.17
2/17/20,9937.67
2/18/20,9703.93
2/19/20,10180.65
2/20/20,9604.72
2/21/20,9606.86
2/22/20,9696.58
2/23/20,9669.63
2/24/20,9989.39
2/25/20,9663.75
2/26/20,9309.15
2/27/20,8785.52
2/28/20,8804.72
2/29/20,8712.35
3/1/20,8534.17
3/2/20,8912.82
3/3/20,8912.82
3/4/20,8754.34
3/5/20,8758.9
3/6/20,9067.39
3/7/20,9155.89
3/8/20,8898.63
3/9/20,8039.38
3/10/20,7931.94
3/11/20,7885.46
3/12/20,7936.65
3/13/20,4830.21
3/14/20,5609.03
3/15/20,5166.26
3/16/20,5348.44
3/17/20,5026.35
3/18/20,5357.61
3/19/20,5410.23
3/20/20,6195.2
3/21/20,6226.44
3/22/20,6189.85
3/23/20,5822.62
3/24/20,6502.16
3/25/20,6768.49
3/26/20,6698.46
3/27/20,6763.75
3/28/20,6369.09
3/29/20,6260.95
3/30/20,5885.41
3/31/20,6405.29
4/1/20,6428.28
4/2/20,6652.87
4/3/20,6809.11
4/4/20,6741.67
4/5/20,6871.69
4/6/20,6777.44
4/7/20,7343.2
4/8/20,7205.55
4/9/20,7365.03
4/10/20,7293.69
4/11/20,6873.24
4/12/20,6891.6
4/13/20,6915.37
4/14/20,6857.66
4/15/20,6871.95
4/16/20,6623.8
4/17/20,7112.27
4/18/20,7034.89
4/19/20,7259.36
4/20/20,7130.04
4/21/20,6840.24
4/22/20,6852.52
4/23/20,7130.99
4/24/20,7477.6
4/25/20,7507.08
4/26/20,7549.52
4/27/20,7699.27
4/28/20,7790.66
4/29/20,7765.33
4/30/20,8777.63
5/1/20,8628.77
5/2/20,8824.66
5/3/20,8973.82
5/4/20,8903.95
5/5/20,8885.93
5/6/20,9030.96
5/7/20,9170.79
5/8/20,10002.48
5/9/20,9821.8
5/10/20,9527.39
5/11/20,8754.46
5/12/20,8617.25
5/13/20,8814.53
5/14/20,9305.93
5/15/20,9790.31
5/16/20,9303.59
5/17/20,9385.7
5/18/20,9669.4
5/19/20,9719.37
5/20/20,9785.74
5/21/20,9510.67
5/22/20,9057.57
5/23/20,9167.26
5/24/20,9178.32
5/25/20,8730.73
5/26/20,8899.66
5/27/20,8842.85
5/28/20,9197.54
5/29/20,9569.21
5/30/20,9425.98
5/31/20,9698.1
6/1/20,9450.84
6/2/20,10204.23
6/3/20,9525.57
6/4/20,9658.04
6/5/20,9794.56
6/6/20,9623.75
6/7/20,9670.43
6/8/20,9753.85
6/9/20,9782.59
6/10/20,9775.15
6/11/20,9892.13
6/12/20,9286.42
6/13/20,9459.97
6/14/20,9473.5
6/15/20,9330.07
6/16/20,9426.7
6/17/20,9526
6/18/20,9454.81
6/19/20,9380.03
6/20/20,9300.15
6/21/20,9357.43
6/22/20,9284.78
6/23/20,9691.9
6/24/20,9621.49
6/25/20,9276.58
6/26/20,9240.85
6/27/20,9154.45
6/28/20,9004.23
6/29/20,9127.47
6/30/20,9185.35
7/1/20,9133.97
7/2/20,9236.38
7/3/20,9087.98
7/4/20,9072.42
7/5/20,9131.31
7/6/20,9089.09
7/7/20,9348.91
7/8/20,9256.23
7/9/20,9440.07
7/10/20,9238.04
7/11/20,9287.4
7/12/20,9235.96
7/13/20,9295.9
7/14/20,9238.13
7/15/20,9254.52
7/16/20,9193.51
7/17/20,9131
7/18/20,9154.19
7/19/20,9174.71
7/20/20,9214.66
7/21/20,9163.87
7/22/20,9392.66
7/23/20,9537.4
7/24/20,9613.11
7/25/20,9551.28
7/26/20,9707.5
7/27/20,9938.83
7/28/20,11042.4
7/29/20,10934.94
7/30/20,11102.67
7/31/20,11114.93
8/1/20,11343.88
8/2/20,11823.69
8/3/20,11077.77
8/4/20,11242.57
8/5/20,11194.25
8/6/20,11750.28
8/7/20,11772.94
8/8/20,11605.6
8/9/20,11767.6
8/10/20,11684.06
8/11/20,11893.03
8/12/20,11392.43
8/13/20,11573.11
8/14/20,11777.43
8/15/20,11774.38
8/16/20,11873.98
8/17/20,11914.01
8/18/20,12293.72
8/19/20,11969.53
8/20/20,11734
8/21/20,11865.82
8/22/20,11522.8
8/23/20,11683.44
8/24/20,11653.02
8/25/20,11763.93
8/26/20,11337.4
8/27/20,11467.37
8/28/20,11302.01
8/29/20,11534.75
8/30/20,11481.64
8/31/20,11707.78
9/1/20,11659.57
9/2/20,11923.25
9/3/20,11397.44
9/4/20,10187.51
9/5/20,10467.89
9/6/20,10159.62
9/7/20,10254.93
9/8/20,10367.74
9/9/20,10121.52
9/10/20,10227.83
9/11/20,10352.66
9/12/20,10395.44
9/13/20,10446.44
9/14/20,10330.77
9/15/20,10674.64
9/16/20,10785.62
9/17/20,10948.43
9/18/20,10943.89
9/19/20,10931.79
9/20/20,11081.43
9/21/20,10919.65
9/22/20,10430.46
9/23/20,10532.22
9/24/20,10234.48
9/25/20,10732.43
9/26/20,10692.84
9/27/20,10732.4
9/28/20,10774.24
9/29/20,10692.33
9/30/20,10840.8
10/1/20,10777.92
10/2/20,10619.24
10/3/20,10575.06
10/4/20,10551.77
10/5/20,10673.46
10/6/20,10788.56
10/7/20,10603.74
10/8/20,10670.8
10/9/20,10923.3
10/10/20,11063.19
10/11/20,11302.67
10/12/20,11376.61
10/13/20,11540.04
10/14/20,11428.24
10/15/20,11431.32
10/16/20,11503.73
10/17/20,11327.57
10/18/20,11366.51
10/19/20,11508.2
10/20/20,11758.16
10/21/20,11925.46
10/22/20,12831.56
10/23/20,12990.25
10/24/20,12944.52
10/25/20,13128.46
10/26/20,13036.77
10/27/20,13076.37
10/28/20,13651.47
10/29/20,13289
10/30/20,13458.66
10/31/20,13564.72
11/1/20,13810.32
11/2/20,13758.88
11/3/20,13575.17
11/4/20,14023.31
11/5/20,14155.59
11/6/20,15591.39
11/7/20,15595.77
11/8/20,14839.84
11/9/20,15490.6
11/10/20,15328.53
11/11/20,15317.04
11/12/20,15708.65
11/13/20,16295.57
11/14/20,16339.33
11/15/20,16091.07
11/16/20,15968.16
11/17/20,16725.15
11/18/20,17679.72
11/19/20,17798.45
11/20/20,17820.57
11/21/20,18687.45
11/22/20,18699.75
11/23/20,18422.28
11/24/20,18398.91
11/25/20,19172.52
11/26/20,18739.8
11/27/20,17151.44
11/28/20,17138.87
11/29/20,17732.42
11/30/20,18191.6
12/1/20,19709.73
12/2/20,18792.52
12/3/20,19226.97
12/4/20,19454.54
12/5/20,18670.49
12/6/20,19155.06
12/7/20,19377.66
12/8/20,19181.41
12/9/20,18318.87
12/10/20,18554.15
12/11/20,18247.76
12/12/20,18029.36
12/13/20,18803.44
12/14/20,19164.48
12/15/20,19276.59
12/16/20,19439.75
12/17/20,21379.48
12/18/20,22847.46
12/19/20,23150.79
12/20/20,23869.92
12/21/20,23490.58
12/22/20,22745.48
12/23/20,23824.99
12/24/20,23253.37
12/25/20,23715.53
12/26/20,24693.58
12/27/20,26443.21
12/28/20,26246.58
12/29/20,27036.69
12/30/20,27376.37
12/31/20,28856.59
1/1/21,28982.56
1/2/21,29393.75
1/3/21,32195.46
1/4/21,33000.78
1/5/21,32035.03
1/6/21,34046.67
1/7/21,36860.41
1/8/21,39486.04
1/9/21,40670.25
1/10/21,40240.72
1/11/21,38240.09
1/12/21,35544.94
1/13/21,34011.82
1/14/21,37393.13
1/15/21,39158.47
1/16/21,36828.52
1/17/21,36065.2
1/18/21,35793.01
1/19/21,36632.35
1/20/21,36020.13
1/21/21,35538.98
1/22/21,30797.88
1/23/21,33002.38
1/24/21,32099.74
1/25/21,32276.84
1/26/21,32243.26
1/27/21,32541.8
1/28/21,30419.17
1/29/21,33403.17
1/30/21,34314.26
1/31/21,34318.1
2/1/21,33136.46
2/2/21,33522.9
2/3/21,35529.66
2/4/21,37676.25
2/5/21,37002.09
2/6/21,38278.61
2/7/21,39323.26
2/8/21,38928.1
2/9/21,46364.3
2/10/21,46589.58
2/11/21,44878.17
2/12/21,48013.38
2/13/21,47471.4
2/14/21,47185.19
2/15/21,48720.37
2/16/21,47951.85
2/17/21,49160.1
2/18/21,52118.23
2/19/21,51608.15
2/20/21,55916.5
2/21/21,56001.2
2/22/21,57487.86
2/23/21,54123.4
2/24/21,48880.43
2/25/21,50624.84
2/26/21,46800.42
2/27/21,46340.31
2/28/21,46155.87
3/1/21,45113.92
3/2/21,49618.43
3/3/21,48356.04
3/4/21,50477.7
3/5/21,48448.91
3/6/21,48861.38
3/7/21,48881.59
3/8/21,51169.7
3/9/21,52299.33
3/10/21,54881.52
3/11/21,55997.23
3/12/21,57764
3/13/21,57253.28
3/14/21,61258.73
3/15/21,59133.47
3/16/21,55754.72
3/17/21,56872.38
3/18/21,58913
3/19/21,57665.9
3/20/21,58075.1
3/21/21,58085.8
3/22/21,57411.17
3/23/21,54204.96
3/24/21,54477.46
3/25/21,52508.23
3/26/21,51415.92
3/27/21,55074.47
3/28/21,55863.93
3/29/21,55783.71
3/30/21,57627.67
3/31/21,58730.13
4/1/21,58735.25
4/2/21,58736.92
4/3/21,59031.32
4/4/21,57076.49
4/5/21,58206.55
4/6/21,59054.1
4/7/21,58020.46
4/8/21,55947.27
4/9/21,58048.59
4/10/21,58102.58
4/11/21,59774
4/12/21,59964.87
4/13/21,59834.74
4/14/21,63554.44
4/15/21,62969.12
4/16/21,63252.63
4/17/21,61455.98
4/18/21,60087.09
4/19/21,56251.48
4/20/21,55703.14
4/21/21,56507.91
4/22/21,53808.8
4/23/21,51731.71
4/24/21,51153.13
4/25/21,50110.53
4/26/21,49075.58
4/27/21,54056.64
4/28/21,55071.46
4/29/21,54884.1
4/30/21,53584.15
5/1/21,57796.62
5/2/21,57857.5
5/3/21,56610.46
5/4/21,57213.33
5/5/21,53241.72
5/6/21,57473.23
5/7/21,56428.16
5/8/21,57380.27
5/9/21,58928.81
5/10/21,58280.73
5/11/21,55883.5
5/12/21,56750
5/13/21,49007.09
5/14/21,49702.27
5/15/21,49922.52
5/16/21,46736.58
5/17/21,46441.64
5/18/21,43596.24
5/19/21,42912.19
5/20/21,36964.27
5/21/21,40784.32
5/22/21,37280.35
5/23/21,37528.3
5/24/21,34754.54
5/25/21,38728.59
5/26/21,38410.5
5/27/21,39266.04
5/28/21,38445.29
5/29/21,35689.62
5/30/21,34647.67
5/31/21,35684.59
6/1/21,37310.54
6/2/21,36662.64
6/3/21,37585.24
6/4/21,39188.59
6/5/21,36885.51
6/6/21,35530.38
6/7/21,35816.17
6/8/21,33514.87
6/9/21,33450.19
6/10/21,37338.36
6/11/21,36704.57
6/12/21,37313.18
6/13/21,35494.9
6/14/21,39066.82
6/15/21,40525.8
6/16/21,40188.56
6/17/21,38324.87
6/18/21,38068.04
6/19/21,35729.82
6/20/21,35524.17
6/21/21,35592.35
6/22/21,31686.55
6/23/21,32447.59
6/24/21,33674.66
6/25/21,34639.38
6/26/21,31640.58
6/27/21,32160.91
6/28/21,34644.45
6/29/21,34456.67
6/30/21,35847.7
7/1/21,35047.36
7/2/21,33536.88
7/3/21,33856.86
7/4/21,34688.98
7/5/21,35309.3
7/6/21,33747.97
7/7/21,34211.01
7/8/21,33839.04
7/9/21,32877.41
7/10/21,33818.52
7/11/21,33515.57
7/12/21,34227.64
7/13/21,33158.25
7/14/21,32686.56
7/15/21,32814.61
7/16/21,31738.59
7/17/21,31421.25
7/18/21,31520.66
7/19/21,31783.49
7/20/21,30815.94
7/21/21,29790.24
7/22/21,32118.06
7/23/21,32297.89
7/24/21,33581.63
7/25/21,34279.34
7/26/21,35365.2
7/27/21,37318.14
7/28/21,39405.95
7/29/21,40002.53
7/30/21,40005.93
7/31/21,42214.15
8/1/21,41659.06
8/2/21,40000.46
8/3/21,39193.94
8/4/21,38138
8/5/21,39750.14
8/6/21,40882
8/7/21,42825.95
8/8/21,44634.13
8/9/21,43816.14
8/10/21,46333.46
8/11/21,45608.37
8/12/21,45611.46
8/13/21,44417.78
8/14/21,47833.98
8/15/21,47112.19
8/16/21,47056.41
8/17/21,45982.55
8/18/21,44648.57
8/19/21,44777.86
8/20/21,46734.65
8/21/21,49327.75
8/22/21,48932.02
8/23/21,49335.68
8/24/21,49523.5
8/25/21,47744.58
8/26/21,48972.09
8/27/21,46962.8
8/28/21,49056.86
8/29/21,48897.65
8/30/21,48806.78
8/31/21,47074.77
9/1/21,47155.87
9/2/21,48862.76
9/3/21,49329.01
9/4/21,50035.33
9/5/21,49947.38
9/6/21,51769.06
9/7/21,52677.4
9/8/21,46809.17
9/9/21,46078.38
9/10/21,46368.69